{
  "CustomColors": [
    {
      "A": 255,
      "R": 141,
      "G": 172,
      "B": 252,
      "Hex": "#8DACFC",
      "IsValid": true,
      "IsCustom": false,
      "Name": "Baby Blue",
      "Id": "e4c7653c-9ea5-4650-b18a-7d55878de64d"
    },
    {
      "A": 255,
      "R": 255,
      "G": 233,
      "B": 220,
      "Hex": "#FFE9DC",
      "IsValid": true,
      "IsCustom": false,
      "Name": "White",
      "Id": "9010325f-dd40-42a3-b67d-05216c10d2a9"
    },
    {
      "A": 255,
      "R": 65,
      "G": 130,
      "B": 255,
      "Hex": "#4182FF",
      "IsValid": true,
      "IsCustom": false,
      "Name": "Ice Blue",
      "Id": "bf08d775-b38a-4ebd-8055-78943d58a3af"
    }
  ],
  "DefaultColors": [
    {
      "A": 255,
      "R": 255,
      "G": 0,
      "B": 0,
      "Hex": "#FF0000",
      "IsValid": true,
      "IsCustom": false,
      "Name": "Red",
      "Id": "0a474e5a-6b94-4935-94b5-494c9b94723e"
    },
    {
      "A": 255,
      "R": 0,
      "G": 255,
      "B": 0,
      "Hex": "#00FF00",
      "IsValid": true,
      "IsCustom": false,
      "Name": "Green",
      "Id": "ad5092e1-f539-4548-ad1e-f5de531b2668"
    },
    {
      "A": 255,
      "R": 0,
      "G": 0,
      "B": 255,
      "Hex": "#0000FF",
      "IsValid": true,
      "IsCustom": false,
      "Name": "Blue",
      "Id": "4f9a894d-1016-4143-a47a-148c20bd4424"
    },
    {
      "A": 255,
      "R": 255,
      "G": 255,
      "B": 0,
      "Hex": "#FFFF00",
      "IsValid": true,
      "IsCustom": false,
      "Name": "Yellow",
      "Id": "c34c0a64-4d2c-43d4-b554-9314c181ccb3"
    },
    {
      "A": 255,
      "R": 255,
      "G": 165,
      "B": 0,
      "Hex": "#FFA500",
      "IsValid": true,
      "IsCustom": false,
      "Name": "Orange",
      "Id": "4677d287-ec34-4dd8-8516-c0e27b3f47ea"
    },
    {
      "A": 255,
      "R": 255,
      "G": 255,
      "B": 255,
      "Hex": "#FFFFFF",
      "IsValid": true,
      "IsCustom": false,
      "Name": "White",
      "Id": "e7837848-ebcf-4c45-b4b1-c9d708ea8b2d"
    },
    {
      "A": 255,
      "R": 0,
      "G": 0,
      "B": 0,
      "Hex": "#000000",
      "IsValid": true,
      "IsCustom": false,
      "Name": "Black",
      "Id": "e40e32f8-24aa-470e-8d5d-9ddc00280381"
    }
  ],
  "RecentColors": [
    {
      "A": 255,
      "R": 141,
      "G": 172,
      "B": 252,
      "Hex": "#8DACFC",
      "IsValid": true,
      "IsCustom": false,
      "Name": "Baby Blue",
      "Id": "e4c7653c-9ea5-4650-b18a-7d55878de64d"
    },
    {
      "A": 255,
      "R": 255,
      "G": 143,
      "B": 133,
      "Hex": "#FF8F85",
      "IsValid": true,
      "IsCustom": false,
      "Name": "Lightish Red",
      "Id": "033c7ee1-ae31-42fc-a287-595b8be8ad86"
    },
    {
      "A": 255,
      "R": 255,
      "G": 233,
      "B": 220,
      "Hex": "#FFE9DC",
      "IsValid": true,
      "IsCustom": false,
      "Name": "White",
      "Id": "9010325f-dd40-42a3-b67d-05216c10d2a9"
    },
    {
      "A": 255,
      "R": 65,
      "G": 130,
      "B": 255,
      "Hex": "#4182FF",
      "IsValid": true,
      "IsCustom": false,
      "Name": "Ice Blue",
      "Id": "410aefe3-03b9-4fe4-b11b-580210db4ae0"
    },
    {
      "A": 255,
      "R": 95,
      "G": 2,
      "B": 130,
      "Hex": "#5F0282",
      "IsValid": true,
      "IsCustom": false,
      "Name": "Nurple",
      "Id": "2819b78d-822d-49ef-bc3e-8d4873b80749"
    },
    {
      "A": 255,
      "R": 65,
      "G": 130,
      "B": 255,
      "Hex": "#4182FF",
      "IsValid": true,
      "IsCustom": false,
      "Name": "Ice Blue",
      "Id": "bf08d775-b38a-4ebd-8055-78943d58a3af"
    },
    {
      "A": 255,
      "R": 255,
      "G": 233,
      "B": 220,
      "Hex": "#FFE9DC",
      "IsValid": true,
      "IsCustom": false,
      "Name": "White",
      "Id": "70abe11a-d567-4fe8-972f-5730ff2b1510"
    }
  ]
}